Fri Oct 02 13:17:44 2026,Farhan,d57,Malibagh,Kuril,8.30767,187.638,Bike
Fri Oct 02 13:30:16 2026,Farhan,d57,Malibagh,Kuril,8.30767,187.638,Bike
Fri Oct 02 18:31:52 2026,Farhan,d37,Agargaon,Bangshal,11.7847,317.231,Bike
Fri Oct 02 18:32:52 2026,Farhan,d37,Bangshal,Uttara-7,19.8317,469.32,Bike
Fri Oct 02 18:41:46 2026,Avik,d565,Agargaon,Badda,5.22202,193.196,Bike
Sat Oct 03 00:53:50 2026,Farhan,d325,Pallabi,New Market,11.8785,199.785,Bike
Sat Oct 03 01:36:50 2026,Farhan,d29,Pallabi,Kuril,13.9245,220.245,Bike
Sat Oct 03 12:11:24 2026,Farhan,d20,Demra,Badda,12.89,631.5,UberX
Sat Oct 03 15:28:57 2026,Bismoy,d47,Green Road,Wari,6.94,577.167,UberX
Sat Oct 03 15:36:00 2026,Bismoy,d1001,Motijheel,Gabtoli,19.75,404.175,Bike
Sat Oct 03 16:59:32 2026,Bismoy,d9,Mirpur-10,Karwan Bazar,7.27,280.816,Bike
Sat Oct 03 20:41:30 2026,Farhan,d45,Science Lab,Agargaon,5.43,219.805,Bike
Sat Oct 03 21:27:07 2026,Farhan,d205,Hatirpool,Badda,5.73,172.224,Bike
Sun Oct 04 02:47:07 2026,Farhan,d205,Badda,Abdullahpur,49.36,673.32,Bike
Sun Oct 04 12:01:01 2026,Farhan,d25,Wari,Keraniganj,10.15,232.07,Bike
Wed Oct 07 20:56:59 2026,Avik,d171,Airport,Bashundhara,4.63,582.697,UberX
Wed Oct 07 21:06:39 2026,Avik,d63,Gulshan-2,Abdullahpur,47.05,1535.36,UberX
Wed Oct 07 21:13:11 2026,Avik,d1002,Airport,Uttara-7,2.74,129.812,Bike
Wed Oct 07 21:18:03 2026,Avik,d231,Airport,Banani,7.92,545.376,UberX
Wed Oct 07 21:25:51 2026,Avik,d4,Tejgaon,Banani,4.02,446.706,UberX
