1,Soad,2407001,287.767,
2,Fatema,2407002,1000,
3,Mahir,2407003,1000,
4,Sarbajit,2407004,1000,
5,Nafis,2407005,1000,
6,Kasib,2407006,1000,
7,Nafiza,2407007,1000,
8,Bismoy,2407008,17572.7,
9,Mushfique,2407009,456.326,
10,Likhon,2407010,1000,
11,Sadman,2407011,1000,
12,Zarif,2407012,1000,
13,Nabeel,2407013,844.589,
14,Ohona,2407014,1000,
15,Nafi,2407015,1000,
16,Siam,2407016,1000,
17,Julfiqar,2407017,1000,
18,Faheem,2407018,1000,
19,Farhan,2407019,44837.7,Badda;Tongi
20,Akib,2407020,1000,
21,Avik,2407021,7844.44,Airport;Gulshan-2;Baridhara;Mohakhali;Tejgaon
22,Diptya,2407022,1000,
23,Deb,2407023,1000,
24,Roy,2407024,1000,
25,Zishan,2407025,1000,
26,Rahman,2407026,1000,
27,Jami,2407027,1000,
28,Asraj,2407028,1000,
29,Rudro,2407029,1000,
30,Abedin,2407030,1000,
31,Sarker,2407031,1500,
32,Nadid,2407032,1000,
33,Hossen,2407033,1000,
34,Hossain,2407034,1000,
35,Bhuiyan,2407035,1000,
36,Hossain,2407036,1000,
37,Nabil,2407037,1000,
38,Habib,2407038,1000,
39,Rahman,2407039,1000,
40,Biswas,2407040,1000,
41,Ahmmed,2407041,1000,
42,Saif,2407042,1000,
43,Arefin,2407043,1000,
44,Shahed,2407044,1000,
45,Saad,2407045,1000,
46,Shahria,2407046,1000,
47,Saha,2407047,1000,
48,Akter,2407048,1000,
49,Wafi,2407049,1000,
50,Ghosh,2407050,1000,
51,Suchana,2407051,1000,
52,Arik,2407052,1000,
53,Roy,2407053,1000,
54,Sutrodhar,2407054,1000,
55,Rafin,2407055,1000,
56,Billah,2407056,1000,
57,Sampad,2407057,1000,
58,Hossain,2407058,1000,
59,Fahmid,2407059,1000,
60,Zawad,2407060,1000,
61,Choudhury,2407061,1000,
62,Hamim,2407062,1000,
63,Biswas,2407063,1000,
64,Shil,2407064,1000,
65,Sayeed,2407065,1000,
66,Hasan,2407066,1000,
67,Abedin,2407067,1000,
68,Saha,2407068,1000,
69,Rafi,2407069,1000,
70,Mostafa,2407070,1000,
71,Mehjabin,2407071,1000,
72,Junaid,2407072,1000,
73,Efty,2407073,1000,
74,Shovo,2407074,1000,
75,Zubier,2407075,1000,
76,Islam,2407076,1000,
77,Rahman,2407077,1000,
78,Abdullah,2407078,1000,
79,Bhattacharya,2407079,1000,
80,Meherin,2407080,1000,
81,Rahat,2407081,1000,
82,Torosha,2407082,1000,
83,Siam,2407083,1000,
84,Deb,2407084,1000,
85,Pranto,2407085,1000,
86,Gain,2407086,1000,
87,Tabassum,2407087,1000,
88,Rakib,2407088,1000,
89,Raowaha,2407089,1000,
90,Milhan,2407090,1000,
91,Atri,2407091,1000,
92,Islam,2407092,1000,
93,Dibbo,2407093,1000,
94,Efti,2407094,1000,
95,Mawa,2407095,1000,
96,Broti,2407096,1000,
97,Mashfi,2407097,1000,
98,Naim,2407098,1000,
99,Tahsin,2407099,1000,
100,Shadik,2407100,1000,
101,Mahi,2407101,1000,
102,Ritu,2407102,1000,
103,Masrur,2407103,1000,
104,Moumita,2407104,1000,
105,Arfan,2407105,1000,
106,Ghosh,2407106,1000,
107,Shemonty,2407107,1000,
108,Ratul,2407108,1000,
109,Mosharraf,2407109,1000,
110,Joy,2407110,1000,
111,Ghosh,2407111,1000,
112,Dipto,2407112,1000,
113,Mahofuz,2407113,1000,
114,Mamun,2407114,1000,
115,Alam,2407115,1000,
116,Archi,2407116,1000,
117,Debnath,2407117,1000,
118,Siam,2407118,1000,
119,Talha,2407119,1000,
120,Datta,2407120,1000,
121,Marma,2407121,1000,
122,test,2407122,1000,
